email,first_name,last_name,city,province,zip code
tpresley0@examiner.com,Twyla,Presley,Hartford,Connecticut,6183
ijovicic1@tripadvisor.com,Imogen,Jovicic,Houston,Texas,77070
ipettko2@netlog.com,Izzy,Pettko,Denver,Colorado,80209
rhincham3@macromedia.com,Rebecca,Hincham,Arlington,Virginia,22225
atremellan4@geocities.com,Alissa,Tremellan,Milwaukee,Wisconsin,53215
bfyrth5@upenn.edu,Bren,Fyrth,Sacramento,California,94297
swarn6@rambler.ru,Svend,Warn,Cincinnati,Ohio,45999
zmerwede7@artisteer.com,Zorina,Merwede,Columbus,Ohio,43231
astroobant8@deliciousdays.com,Arch,Stroobant,Springfield,Illinois,62718
ispatarul9@gnu.org,Ilka,Spatarul,Springfield,Missouri,65805
haleksandrova@google.it,Holly-anne,Aleksandrov,Pasadena,California,91109
dmulryanb@msu.edu,Devan,Mulryan,Chula Vista,California,91913
jkohterc@gmpg.org,Justinn,Kohter,Portland,Oregon,97221
jaronowiczd@meetup.com,Jolyn,Aronowicz,Harrisburg,Pennsylvania,17126
cchaslee@dell.com,Carine,Chasle,Peoria,Illinois,61614
kharpf@nydailynews.com,Kort,Harp,Tulsa,Oklahoma,74193
wtusong@indiatimes.com,Wait,Tuson,New Haven,Connecticut,6510
mfloath@weebly.com,Massimiliano,Float,Denver,Colorado,80243
ejuanesi@msu.edu,Ezequiel,Juanes,Vancouver,Washington,98664
ccromleholmej@zdnet.com,Chandal,Cromleholme,Jersey City,New Jersey,7310
edrinkelk@e-recht24.de,Efrem,Drinkel,Miami,Florida,33129
jkayesl@booking.com,Jeralee,Kayes,Miami,Florida,33190
akuhnertm@e-recht24.de,Allys,Kuhnert,Jamaica,New York,11470
msidlown@sohu.com,Mohandas,Sidlow,Naples,Florida,34114
mmccrilliso@studiopress.com,Melina,McCrillis,Raleigh,North Carolina,27690
ddorricottp@hp.com,Desiree,Dorricott,Akron,Ohio,44310
nblighq@psu.edu,Nefen,Bligh,Ocala,Florida,34479
sbrufordr@upenn.edu,Sigmund,Bruford,Austin,Texas,78703
laspells@nytimes.com,Lou,Aspell,Houston,Texas,77040
pyashaevt@unc.edu,Price,Yashaev,San Jose,California,95118
rdoxeyu@narod.ru,Randi,Doxey,Kalamazoo,Michigan,49006
amarrowv@japanpost.jp,Anet,Marrow,Sioux City,Iowa,51110
dclementew@google.pl,Duffie,Clemente,Jefferson City,Missouri,65105
cordemannx@technorati.com,Carolan,Ordemann,Syracuse,New York,13205
lmowsony@nature.com,Lacey,Mowson,Philadelphia,Pennsylvania,19172
spietrasikz@cbc.ca,Susi,Pietrasik,Phoenix,Arizona,85083
icamfield10@reverbnation.com,Isidora,Camfield,El Paso,Texas,88519
sdoran11@icq.com,Scarface,Doran,Washington,District of Columbia,20397
jkimpton12@desdev.cn,Josefina,Kimpton,New York City,New York,10270
nrapaport13@dropbox.com,Neille,Rapaport,Jamaica,New York,11447
jeagland14@un.org,Jaine,Eagland,Green Bay,Wisconsin,54305
bmourant15@china.com.cn,Burlie,Mourant,Chattanooga,Tennessee,37410
lcooke16@slideshare.net,Lita,Cooke,Hartford,Connecticut,6145
jpurton17@usnews.com,Jilleen,Purton,Philadelphia,Pennsylvania,19125
aboldra18@independent.co.uk,Alejandra,Boldra,Minneapolis,Minnesota,55446
emclenaghan19@examiner.com,Emilia,McLenaghan,Columbus,Ohio,43210
aguerry1a@webeden.co.uk,Anissa,Guerry,Portland,Oregon,97201
tmellhuish1b@arizona.edu,Tessie,Mellhuish,Washington,District of Columbia,20099
tgrollmann1c@google.co.jp,Thebault,Grollmann,Macon,Georgia,31205
ahurling1d@census.gov,Arlina,Hurling,San Antonio,Texas,78230
rgrinnov1e@pagesperso-orange.fr,Redford,Grinnov,Escondido,California,92030
rrainford1f@people.com.cn,Robyn,Rainford,Dallas,Texas,75251
dpevreal1g@nature.com,Denney,Pevreal,Bowie,Maryland,20719
bgent1h@sina.com.cn,Biron,Gent,Dallas,Texas,75246
fcharrington1i@toplist.cz,Florella,Charrington,Duluth,Georgia,30195
vhuertas1j@psu.edu,Vitia,Huertas,Topeka,Kansas,66617
soki1k@nydailynews.com,Sallee,Oki,Albuquerque,New Mexico,87180
ptenbrug1l@tmall.com,Pete,Tenbrug,Los Angeles,California,90050
rsnasdell1m@bing.com,Riley,Snasdell,Philadelphia,Pennsylvania,19151
adougary1n@ebay.co.uk,Antonietta,Dougary,Fargo,North Dakota,58122
lscholefield1o@github.io,Leshia,Scholefield,Naples,Florida,34102
kokie1p@pen.io,Korrie,Okie,Peoria,Illinois,61635
drains1q@google.it,Daniele,Rains,Washington,District of Columbia,20380
twix1r@flavors.me,Tommie,Wix,North Little Rock,Arkansas,72118
kguiton1s@icq.com,Kassie,Guiton,Toledo,Ohio,43605
agerman1t@booking.com,Aldin,German,Minneapolis,Minnesota,55407
jbanker1u@soundcloud.com,Johnny,Banker,Houston,Texas,77212
kmatthesius1v@kickstarter.com,Keelia,Matthesius,Toledo,Ohio,43605
aadderson1w@craigslist.org,Abelard,Adderson,Clearwater,Florida,34620
ckenewel1x@g.co,Craggie,Kenewel,Honolulu,Hawaii,96805
dszachniewicz1y@theglobeandmail.com,Doll,Szachniewicz,Colorado Springs,Colorado,80940
aberthomieu1z@unc.edu,Ardella,Berthomieu,Portsmouth,New Hampshire,3804
cigounet20@canalblog.com,Christye,Igounet,Los Angeles,California,90005
lcarver21@illinois.edu,Lorita,Carver,Pittsburgh,Pennsylvania,15274
jwoolard22@wix.com,Jonathan,Woolard,Edmond,Oklahoma,73034
eolphert23@indiegogo.com,Eldridge,Olphert,Philadelphia,Pennsylvania,19146
ugrinyer24@weebly.com,Udell,Grinyer,Houston,Texas,77201
bdoodney25@slideshare.net,Burt,Doodney,Tyler,Texas,75799
lroberto26@yelp.com,Leanora,Roberto,Rochester,New York,14614
nhadcroft27@virginia.edu,Nancee,Hadcroft,Philadelphia,Pennsylvania,19109
bkennler28@pcworld.com,Barnebas,Kennler,New York City,New York,10155
ahanna29@google.nl,Amye,Hanna,Washington,District of Columbia,20599
mshuxsmith2a@tamu.edu,Mallorie,Shuxsmith,Madison,Wisconsin,53785
rseyers2b@ustream.tv,Rochester,Seyers,San Antonio,Texas,78215
edunne2c@sogou.com,Elysia,Dunne,Hialeah,Florida,33018
ndriutti2d@twitter.com,Nolie,Driutti,Cleveland,Ohio,44197
mheakey2e@shinystat.com,Myrta,Heakey,Punta Gorda,Florida,33982
mioannidis2f@parallels.com,Maryellen,Ioannidis,Gilbert,Arizona,85297
gwalsh2g@vinaora.com,Gladys,Walsh,Hollywood,Florida,33023
scaplan2h@sohu.com,Simon,Caplan,Los Angeles,California,90015
hdiack2i@un.org,Hansiain,Diack,Roanoke,Virginia,24040
agumme2j@amazon.de,Andreana,Gumme,New Orleans,Louisiana,70124
lcrosston2k@webeden.co.uk,Lauree,Crosston,San Bernardino,California,92424
idumbelton2l@t.co,Idalia,Dumbelton,Hot Springs National Park,Arkansas,71914
lbernucci2m@skyrock.com,Leonid,Bernucci,Farmington,Michigan,48335
slanglais2n@ed.gov,Shaylynn,Langlais,Peoria,Illinois,61635
pgosford2o@prlog.org,Penn,Gosford,Springfield,Missouri,65810
ishorie2p@independent.co.uk,Ingelbert,Shorie,Columbus,Ohio,43231
pfulstow2q@utexas.edu,Patty,Fulstow,Virginia Beach,Virginia,23471
bbourthouloume2r@sciencedaily.com,Buffy,Bourthouloume,Fort Lauderdale,Florida,33345
cferenc2s@domainmarket.com,Coleen,Ferenc,San Diego,California,92110
lpringell2t@github.com,Laraine,Pringell,Houston,Texas,77266
bschouthede2u@yale.edu,Bobby,Schouthede,Anchorage,Alaska,99512
echarlewood2v@nps.gov,Esmeralda,Charlewood,Los Angeles,California,90101
awalton2w@ustream.tv,Aurelea,Walton,New York City,New York,10131
hkrysztofowicz2x@businesswire.com,Harlan,Krysztofowicz,Midland,Michigan,48670
aeverix2y@oaic.gov.au,Ashbey,Everix,Springfield,Illinois,62723
snickoll2z@sbwire.com,Sophronia,Nickoll,Baltimore,Maryland,21265
vshillum30@parallels.com,Verne,Shillum,Saint Louis,Missouri,63150
yrocks31@ask.com,York,Rocks,Detroit,Michigan,48217
cgendricke32@unblog.fr,Calley,Gendricke,Denver,Colorado,80243
atookey33@apple.com,Ambrose,Tookey,Saint Paul,Minnesota,55123
ahelix34@google.pl,Amalee,Helix,Los Angeles,California,90010
kjankin35@boston.com,Krissie,Jankin,Washington,District of Columbia,20456
spuleque36@yelp.com,Sigismundo,Puleque,Denver,Colorado,80209
fpaskins37@slate.com,Francisca,Paskins,Warren,Ohio,44485
nloudian38@about.me,Nevin,Loudian,Davenport,Iowa,52804
fogilvie39@purevolume.com,Franklin,Ogilvie,Greenville,South Carolina,29605
mglide3a@apple.com,Matty,Glide,Birmingham,Alabama,35231
rbarczewski3b@networksolutions.com,Roberta,Barczewski,Omaha,Nebraska,68105
mkinzett3c@thetimes.co.uk,Marin,Kinzett,Mobile,Alabama,36622
mbeetham3d@vkontakte.ru,Moyra,Beetham,Long Beach,California,90840
adeortega3e@usnews.com,Arliene,De Ortega,Orlando,Florida,32813
smccaughey3f@oracle.com,Shirleen,McCaughey,Huntington,West Virginia,25711
flaraway3g@prweb.com,Felice,Laraway,Tulsa,Oklahoma,74141
kbettinson3h@hp.com,Kacie,Bettinson,Scottsdale,Arizona,85255
ljustis3i@google.de,Livia,Justis,Corpus Christi,Texas,78470
llipyeat3j@goodreads.com,Lowell,Lipyeat,Cleveland,Ohio,44130
mmissenden3k@shareasale.com,Maxwell,Missenden,Indianapolis,Indiana,46239
nbroschke3l@nature.com,Neill,Broschke,Austin,Texas,78764
epateman3m@jiathis.com,Even,Pateman,Fort Wayne,Indiana,46857
imanzell3n@flavors.me,Isahella,Manzell,Richmond,Virginia,23260
apenman3o@telegraph.co.uk,Albertine,Penman,Sacramento,California,95823
lvasyukhichev3p@infoseek.co.jp,Lora,Vasyukhichev,Atlanta,Georgia,30358
bbragg3q@ucoz.ru,Bradly,Bragg,El Paso,Texas,79923
elinne3r@360.cn,Eugenia,Linne,Minneapolis,Minnesota,55423
rburg3s@yale.edu,Regen,Burg,Roanoke,Virginia,24048
ddotson3t@quantcast.com,Dorey,Dotson,Jersey City,New Jersey,7310
alegassick3u@pinterest.com,Alexei,Le Gassick,Nashville,Tennessee,37228
pbeever3v@google.ca,Penny,Beever,Boston,Massachusetts,2109
dbuncher3w@sourceforge.net,Darius,Buncher,Whittier,California,90610
joughton3x@liveinternet.ru,Jenine,Oughton,Boulder,Colorado,80328
jfirk3y@163.com,Jordana,Firk,Bronx,New York,10469
doldaker3z@friendfeed.com,Durand,Oldaker,Killeen,Texas,76544
fpickaver40@over-blog.com,Filia,Pickaver,Mount Vernon,New York,10557
nberends41@yahoo.co.jp,Natal,Berends,Washington,District of Columbia,20566
mduckitt42@clickbank.net,Mala,Duckitt,Minneapolis,Minnesota,55417
wphython43@flavors.me,Wash,Phython,Colorado Springs,Colorado,80915
qspat44@wp.com,Quincy,Spat,Peoria,Illinois,61656
kadnam45@disqus.com,Karole,Adnam,Kansas City,Missouri,64149
amogra46@example.com,Anne-marie,Mogra,El Paso,Texas,88589
fnestoruk47@intel.com,Feodora,Nestoruk,Fort Worth,Texas,76105
aerickson48@amazonaws.com,Algernon,Erickson,South Lake Tahoe,California,96154
acradick49@de.vu,Auguste,Cradick,Charlottesville,Virginia,22903
pdunklee4a@yolasite.com,Pavia,Dunklee,Nashville,Tennessee,37250
fminico4b@sciencedirect.com,Felipa,Minico,New York City,New York,10175
whanby4c@newyorker.com,Wanda,Hanby,Wichita Falls,Texas,76310
amcturley4d@opensource.org,Aggy,McTurley,Lake Worth,Florida,33462
aamorine4e@a8.net,Alyss,Amorine,Los Angeles,California,90065
arichardin4f@nytimes.com,Arda,Richardin,Washington,District of Columbia,20520
scoyish4g@nyu.edu,Sibilla,Coyish,El Paso,Texas,79968
cgentreau4h@qq.com,Cole,Gentreau,Cincinnati,Ohio,45264
mlant4i@ebay.com,Mei,Lant,Baltimore,Maryland,21216
abauldrey4j@theguardian.com,Auberon,Bauldrey,Savannah,Georgia,31405
achauvey4k@netvibes.com,Aharon,Chauvey,Akron,Ohio,44393
csnarr4l@sun.com,Charil,Snarr,Athens,Georgia,30605
mbriatt4m@devhub.com,Mariejeanne,Briatt,Youngstown,Ohio,44555
asouthern4n@census.gov,Anthea,Southern,Orlando,Florida,32825
clantry4o@shinystat.com,Cart,Lantry,Tucson,Arizona,85725
lmaiklem4p@netvibes.com,Link,Maiklem,Lawrenceville,Georgia,30045
hgrent4q@blinklist.com,Hieronymus,Grent,Washington,District of Columbia,20310
gingerson4r@miitbeian.gov.cn,Gene,Ingerson,Tulsa,Oklahoma,74184
llatour4s@unc.edu,Liz,Latour,Asheville,North Carolina,28815
bbateson4t@boston.com,Bron,Bateson,Reno,Nevada,89550
lesposita4u@pen.io,Loren,Esposita,Baltimore,Maryland,21203
pbalcombe4v@sun.com,Paquito,Balcombe,New Orleans,Louisiana,70154
gokennedy4w@so-net.ne.jp,Gilburt,O'Kennedy,Sacramento,California,95813
sstickford4x@ocn.ne.jp,Selle,Stickford,Greensboro,North Carolina,27455
measterling4y@marketwatch.com,Mariana,Easterling,Phoenix,Arizona,85035
cbolton4z@altervista.org,Celina,Bolton,Chicago,Illinois,60681
ncarlsen50@mozilla.com,Nathalia,Carlsen,Chattanooga,Tennessee,37450
sfigurski51@mtv.com,Sybil,Figurski,El Paso,Texas,88541
mgerrish52@chicagotribune.com,Mahmud,Gerrish,Philadelphia,Pennsylvania,19104
mmangham53@cocolog-nifty.com,Mikel,Mangham,San Jose,California,95194
rhartop54@marriott.com,Rex,Hartop,Washington,District of Columbia,20436
sbolt55@nhs.uk,Stephie,Bolt,Phoenix,Arizona,85040
atunaclift56@census.gov,Arly,Tunaclift,Springfield,Illinois,62756
kfairburne57@skype.com,Krystyna,Fairburne,San Diego,California,92165
mduiged58@parallels.com,Milty,Duiged,Santa Fe,New Mexico,87505
tvenditto59@businessweek.com,Tammi,Venditto,Miami,Florida,33164
lvenning5a@pen.io,Lilllie,Venning,Denver,Colorado,80249
aernke5b@ft.com,Alaster,Ernke,Pompano Beach,Florida,33064
abudleigh5c@nymag.com,Allyn,Budleigh,Memphis,Tennessee,38114
tbrownlow5d@nasa.gov,Thibaud,Brownlow,Brooksville,Florida,34605
lmussettini5e@webnode.com,Latrina,Mussettini,Morgantown,West Virginia,26505
cblueman5f@samsung.com,Che,Blueman,Tampa,Florida,33625
kfoister5g@fotki.com,Keslie,Foister,Spring,Texas,77388
dmcelory5h@examiner.com,Denny,McElory,Akron,Ohio,44305
btindle5i@sogou.com,Berny,Tindle,San Mateo,California,94405
vhuntingford5j@networksolutions.com,Vitoria,Huntingford,New Orleans,Louisiana,70179
clukins5k@netlog.com,Chrystal,Lukins,Fayetteville,North Carolina,28305
jsimms5l@github.io,Jacquie,Simms,San Francisco,California,94116
kdron5m@nifty.com,Kalina,Dron,Lakewood,Washington,98498
msyplus5n@wiley.com,Matias,Syplus,Jamaica,New York,11499
kbeynke5o@is.gd,Kriste,Beynke,Colorado Springs,Colorado,80951
cvasyatkin5p@japanpost.jp,Cobb,Vasyatkin,New York City,New York,10270
qmcmanus5q@va.gov,Quinlan,McManus,Corpus Christi,Texas,78405
ddampier5r@gizmodo.com,Damaris,Dampier,Las Vegas,Nevada,89120
kdodgson5s@usatoday.com,Kassi,Dodgson,Syracuse,New York,13205
moosthoutdevree5t@taobao.com,Margaretha,Oosthout de Vree,Tucson,Arizona,85737
bwilkes5u@fc2.com,Barbra,Wilkes,Helena,Montana,59623
vwinkell5v@posterous.com,Valerye,Winkell,San Bernardino,California,92415
gbolstridge5w@homestead.com,Grete,Bolstridge,Kansas City,Missouri,64199
jshapland5x@google.fr,Jordan,Shapland,Little Rock,Arkansas,72222
ltarbath5y@geocities.jp,Loria,Tarbath,Omaha,Nebraska,68179
wloude5z@bravesites.com,Wildon,Loude,Charleston,West Virginia,25362
scolliard60@bloomberg.com,Scottie,Colliard,Pittsburgh,Pennsylvania,15261
sstorres61@scientificamerican.com,Skelly,Storres,Oklahoma City,Oklahoma,73147
mcolafate62@reverbnation.com,Mollee,Colafate,Minneapolis,Minnesota,55407
msedger63@wired.com,Martie,Sedger,Dallas,Texas,75353
ptankard64@nba.com,Parry,Tankard,Omaha,Nebraska,68110
lbohike65@edublogs.org,Lovell,Bohike,Dallas,Texas,75246
abruton66@blog.com,Ashli,Bruton,El Paso,Texas,79977
cbellow67@va.gov,Caralie,Bellow,Fort Pierce,Florida,34981
cheaffey68@ed.gov,Corina,Heaffey,Akron,Ohio,44305
mspeer69@prnewswire.com,Meggy,Speer,Riverside,California,92513
jmountain6a@stanford.edu,Janith,Mountain,Columbia,South Carolina,29203
gingledow6b@storify.com,Goldia,Ingledow,Anaheim,California,92805
obranchett6c@amazon.com,Ophelie,Branchett,Louisville,Kentucky,40205
nruvel6d@state.tx.us,Nanine,Ruvel,Fort Myers,Florida,33994
mgilhouley6e@g.co,Min,Gilhouley,Orlando,Florida,32835
eatterley6f@angelfire.com,Ewan,Atterley,Tampa,Florida,33647
spike6g@imdb.com,Shellie,Pike,Beaufort,South Carolina,29905
mhainge6h@msu.edu,Montague,Hainge,Omaha,Nebraska,68105
rbengtsson6i@adobe.com,Remus,Bengtsson,Fresno,California,93750
bpaiton6j@simplemachines.org,Bethanne,Paiton,Lubbock,Texas,79452
dpetrasso6k@artisteer.com,Damaris,Petrasso,Irvine,California,92619
bguly6l@globo.com,Brook,Guly,Fort Worth,Texas,76134
jrushton6m@dion.ne.jp,Jozef,Rushton,Spokane,Washington,99252
gpaulazzi6n@networkadvertising.org,Geoff,Paulazzi,Lynn,Massachusetts,1905
hjacquemot6o@weather.com,Hort,Jacquemot,Saint Cloud,Minnesota,56398
swalework6p@webeden.co.uk,Shayne,Walework,Houston,Texas,77055
dbissiker6q@geocities.com,Drud,Bissiker,Washington,District of Columbia,20244
vjehaes6r@scribd.com,Vivi,Jehaes,Ogden,Utah,84403
plouis6s@macromedia.com,Philippine,Louis,Roanoke,Virginia,24034
dlarkcum6t@cdbaby.com,Donia,Larkcum,New York City,New York,10110
dkrammer6u@amazon.co.uk,Ddene,Krammer,Anchorage,Alaska,99512
svinker6v@sourceforge.net,Sande,Vinker,Lancaster,California,93584
pdunseath6w@desdev.cn,Paulita,Dunseath,Fort Myers,Florida,33906
omulbery6x@princeton.edu,Olwen,Mulbery,Las Vegas,Nevada,89115
sdoumenc6y@t-online.de,Sholom,Doumenc,Phoenix,Arizona,85040
adudbridge6z@elpais.com,Aurelia,Dudbridge,Baton Rouge,Louisiana,70894
gonn70@paypal.com,Giavani,Onn,Washington,District of Columbia,20392
rdrance71@smh.com.au,Ruben,Drance,Orange,California,92862
khampshaw72@wiley.com,Kiersten,Hampshaw,Kansas City,Missouri,64142
rgarrish73@soup.io,Rick,Garrish,Englewood,Colorado,80150
admitriev74@moonfruit.com,Ailyn,Dmitriev,Newark,Delaware,19714
erimington75@wix.com,Eddie,Rimington,Philadelphia,Pennsylvania,19178
tgrassi76@yahoo.com,Tony,Grassi,Minneapolis,Minnesota,55470
bbattrick77@altervista.org,Blinni,Battrick,Trenton,New Jersey,8603
jrodrigo78@zdnet.com,Jeannie,Rodrigo,Mount Vernon,New York,10557
lavramovich79@paypal.com,Lucine,Avramovich,Richmond,Virginia,23203
dby7a@constantcontact.com,Dyann,By,Charleston,South Carolina,29411
mquenby7b@ehow.com,Maddie,Quenby,El Paso,Texas,79950
ahedau7c@nbcnews.com,Abbie,Hedau,Memphis,Tennessee,38143
ktape7d@sphinn.com,Kora,Tape,San Jose,California,95118
abasset7e@weibo.com,Alexandr,Basset,El Paso,Texas,79955
cschimon7f@zdnet.com,Celka,Schimon,Madison,Wisconsin,53790
eoakwood7g@wikia.com,Emmalynne,Oakwood,Tacoma,Washington,98481
mburl7h@theguardian.com,Marlowe,Burl,New York City,New York,10039
dgoodby7i@hao123.com,Darwin,Goodby,Salem,Oregon,97306
lspatarul7j@behance.net,Leone,Spatarul,Kansas City,Kansas,66160
pgennings7k@sciencedirect.com,Poul,Gennings,Brooklyn,New York,11225
ddearden7l@apple.com,Devon,Dearden,Houston,Texas,77228
msweedy7m@cnet.com,Minnnie,Sweedy,West Palm Beach,Florida,33405
agrimmolby7n@desdev.cn,Andrea,Grimmolby,Springfield,Missouri,65805
aamiable7o@ebay.co.uk,Alanah,Amiable,Los Angeles,California,90101
dbroadey7p@diigo.com,Davide,Broadey,Brooklyn,New York,11225
nduke7q@washingtonpost.com,Noell,Duke,Topeka,Kansas,66622
ebartaloni7r@a8.net,Ewen,Bartaloni,Springfield,Massachusetts,1129
gsailer7s@woothemes.com,Glynda,Sailer,Raleigh,North Carolina,27605
bspellsworth7t@china.com.cn,Bartholomew,Spellsworth,Chicago,Illinois,60686
rlansdown7u@theglobeandmail.com,Renato,Lansdown,Sioux Falls,South Dakota,57193
cpalfrie7v@tripod.com,Constantino,Palfrie,North Las Vegas,Nevada,89087
cmccooke7w@e-recht24.de,Caroline,McCooke,Akron,Ohio,44315
rprover7x@globo.com,Roze,Prover,Midland,Texas,79710
ehowling7y@imageshack.us,Efrem,Howling,Port Charlotte,Florida,33954
mgarvill7z@hexun.com,Misti,Garvill,Valley Forge,Pennsylvania,19495
etruran80@livejournal.com,Edik,Truran,Fort Worth,Texas,76147
hpikett81@patch.com,Halie,Pikett,Oklahoma City,Oklahoma,73142
ogensavage82@chronoengine.com,Oran,Gensavage,Frankfort,Kentucky,40618
sdraye83@examiner.com,Sophronia,Draye,Lawrenceville,Georgia,30045
aohartnedy84@noaa.gov,Abba,O'Hartnedy,San Angelo,Texas,76905
amaghull85@a8.net,Amanda,Maghull,San Diego,California,92115
jcullum86@stanford.edu,Juan,Cullum,Tyler,Texas,75710
janniwell87@fema.gov,Jillana,Anniwell,Las Vegas,Nevada,89140
rburnsall88@foxnews.com,Rikki,Burnsall,Fort Lauderdale,Florida,33330
rvaskov89@weibo.com,Rosetta,Vaskov,Boston,Massachusetts,2298
dfreegard8a@paginegialle.it,Darya,Freegard,Maple Plain,Minnesota,55572
prodden8b@webs.com,Pavia,Rodden,Huntington,West Virginia,25721
mdedmam8c@reverbnation.com,Martie,Dedmam,Durham,North Carolina,27705
alis8d@amazon.co.jp,Alie,Lis,Las Vegas,Nevada,89140
skollasch8e@over-blog.com,Sheba,Kollasch,Toledo,Ohio,43666
gbasten8f@rakuten.co.jp,Gregory,Basten,Montgomery,Alabama,36125
jratray8g@cisco.com,Joleen,Ratray,Jamaica,New York,11436
rhatcliffe8h@hatena.ne.jp,Raimondo,Hatcliffe,Houston,Texas,77245
dmessam8i@narod.ru,Doralia,Messam,Charlotte,North Carolina,28235
gcanto8j@mayoclinic.com,Geraldine,Canto,Anaheim,California,92812
mdemongeot8k@phoca.cz,Mikol,Demongeot,Cincinnati,Ohio,45233
lpilkinton8l@thetimes.co.uk,Lorrayne,Pilkinton,Jacksonville,Florida,32236
gswatten8m@admin.ch,Gerri,Swatten,Raleigh,North Carolina,27635
mlaming8n@eepurl.com,Morgun,Laming,Bakersfield,California,93305
jarnowicz8o@linkedin.com,Jo-anne,Arnowicz,Palmdale,California,93591
mflorez8p@cbsnews.com,Mirabella,Florez,Philadelphia,Pennsylvania,19141
speek8q@hc360.com,Stefania,Peek,Jacksonville,Florida,32277
irobun8r@spotify.com,Ingeborg,Robun,Chicago,Illinois,60691
cattryde8s@printfriendly.com,Cherrita,Attryde,Boca Raton,Florida,33487
ahaskey8t@yale.edu,Anthony,Haskey,Fresno,California,93750
cgerg8u@ibm.com,Corrinne,Gerg,Pensacola,Florida,32595
eweller8v@marketwatch.com,Emily,Weller,Portland,Oregon,97216
ppoletto8w@list-manage.com,Phedra,Poletto,Washington,District of Columbia,20337
sbayldon8x@sciencedaily.com,Selinda,Bayldon,Allentown,Pennsylvania,18105
dpickaver8y@amazon.co.uk,Derward,Pickaver,Evansville,Indiana,47719
dheinreich8z@digg.com,Danyette,Heinreich,Grand Junction,Colorado,81505
xadamowitz90@cloudflare.com,Xena,Adamowitz,Salt Lake City,Utah,84135
celliff91@tripod.com,Cyril,Elliff,Indianapolis,Indiana,46221
hnanuccioi92@chicagotribune.com,Hans,Nanuccioi,Camden,New Jersey,8104
jbere93@youku.com,Juditha,Bere,Jackson,Tennessee,38308
mdymott94@acquirethisname.com,Mirella,Dymott,Raleigh,North Carolina,27615
mheistermann95@house.gov,Melinda,Heistermann,Washington,District of Columbia,20530
mmerricks96@diigo.com,Massimo,Merricks,Mobile,Alabama,36689
cbentote97@va.gov,Caro,Bentote,Round Rock,Texas,78682
karonow98@omniture.com,Karel,Aronow,El Paso,Texas,88519
pmiklem99@squarespace.com,Pammie,Miklem,Roanoke,Virginia,24020
ajeays9a@soup.io,Alecia,Jeays,Charlotte,North Carolina,28263
sdenington9b@hexun.com,Simone,Denington,Houston,Texas,77288
voloughran9c@wordpress.com,Val,O' Loughran,Jamaica,New York,11470
tbrandham9d@army.mil,Towney,Brandham,San Luis Obispo,California,93407
fdahlbom9e@hao123.com,Frederick,Dahlbom,Oxnard,California,93034
cclift9f@theglobeandmail.com,Cassey,Clift,Duluth,Georgia,30096
gwelling9g@google.cn,Giles,Welling,Washington,District of Columbia,20215
cseal9h@epa.gov,Carmine,Seal,Houston,Texas,77015
jsaffe9i@twitpic.com,Judy,Saffe,Spokane,Washington,99252
lrubertis9j@marriott.com,Laureen,Rubertis,Saint Petersburg,Florida,33710
tmussared9k@nature.com,Tymothy,Mussared,Ocala,Florida,34479
qsimony9l@biglobe.ne.jp,Quent,Simony,Pueblo,Colorado,81010
lhuckel9m@reference.com,Langsdon,Huckel,Milwaukee,Wisconsin,53234
jskyrme9n@so-net.ne.jp,Joana,Skyrme,Los Angeles,California,90060
mciccerale9o@wiley.com,Mervin,Ciccerale,Reading,Pennsylvania,19610
jgriswood9p@facebook.com,Johannah,Griswood,Chico,California,95973
tbiaggioli9q@patch.com,Tobin,Biaggioli,Wichita,Kansas,67260
gbowling9r@pen.io,Genni,Bowling,Atlanta,Georgia,30392
bedards9s@youtube.com,Bobinette,Edards,Jefferson City,Missouri,65110
rbayns9t@artisteer.com,Reinald,Bayns,Ann Arbor,Michigan,48107
mgrassi9u@so-net.ne.jp,Margie,Grassi,Atlanta,Georgia,30316
haltham9v@reddit.com,Hollie,Altham,El Paso,Texas,79916
awaby9w@discovery.com,Antonie,Waby,Erie,Pennsylvania,16565
tbazoge9x@squarespace.com,Tine,Bazoge,Sacramento,California,94245
wmacmenamie9y@furl.net,Wes,MacMenamie,San Diego,California,92186
dlipmann9z@chron.com,Dominga,Lipmann,Nashville,Tennessee,37240
rkirkbridea0@digg.com,Raymond,Kirkbride,Charlotte,North Carolina,28278
dmccrossana1@aboutads.info,Devina,McCrossan,Raleigh,North Carolina,27621
mwitsona2@people.com.cn,Malvin,Witson,Las Vegas,Nevada,89120
lhenwortha3@cnbc.com,Lilyan,Henworth,Corpus Christi,Texas,78426
amciana4@indiegogo.com,Analise,McIan,Palatine,Illinois,60078
pgillhama5@ocn.ne.jp,Patricio,Gillham,Birmingham,Alabama,35215
kkynetta6@over-blog.com,Keen,Kynett,Pasadena,California,91109
agreenwaya7@amazon.co.uk,Agna,Greenway,Saint Louis,Missouri,63158
etrundlea8@cargocollective.com,Edithe,Trundle,Des Moines,Iowa,50369
clackeyea9@google.nl,Catherina,Lackeye,Atlanta,Georgia,30311
sshorbrookaa@examiner.com,Stuart,Shorbrook,Chicago,Illinois,60663
edrewab@state.gov,Emery,Drew,Portland,Oregon,97221
sfeighryac@cbsnews.com,Sydel,Feighry,Detroit,Michigan,48295
vrosemanad@ucla.edu,Vin,Roseman,San Francisco,California,94142
mklemzae@google.fr,Margaux,Klemz,Warren,Ohio,44485
moheneryaf@theatlantic.com,Muhammad,O'Henery,Greensboro,North Carolina,27425
gblasettiag@tumblr.com,Geri,Blasetti,Richmond,Virginia,23260
cesslementah@usatoday.com,Constancy,Esslement,Boston,Massachusetts,2283
dimortai@google.co.uk,Dorothy,Imort,Springfield,Illinois,62756
obrislawnaj@cisco.com,Obediah,Brislawn,Louisville,Kentucky,40205
mgabbotak@ucla.edu,Matthew,Gabbot,Macon,Georgia,31205
mskeeneal@macromedia.com,Mead,Skeene,San Francisco,California,94110
candraudam@engadget.com,Corette,Andraud,Sacramento,California,95828
gworvillan@newsvine.com,Greta,Worvill,Jacksonville,Florida,32215
hburleighao@amazonaws.com,Hersch,Burleigh,Brooklyn,New York,11236
tmafhamap@cam.ac.uk,Tyson,Mafham,San Diego,California,92170
vkeedwellaq@ovh.net,Vincenz,Keedwell,Austin,Texas,78703
sbugbirdar@google.cn,Sara,Bugbird,Los Angeles,California,90040
ehatchardas@mac.com,Ella,Hatchard,Pinellas Park,Florida,34665
foguzat@arizona.edu,Fancie,Oguz,Los Angeles,California,90087
mhalshoau@deliciousdays.com,Maddy,Halsho,Charlotte,North Carolina,28263
lugolottiav@ftc.gov,Lexi,Ugolotti,Washington,District of Columbia,20409
kgerrieaw@guardian.co.uk,Karilynn,Gerrie,Houston,Texas,77271
tbedwardax@php.net,Tye,Bedward,El Paso,Texas,88541
mwimpay@nsw.gov.au,Maris,Wimp,San Francisco,California,94154
jmcfeataz@weather.com,Jarred,McFeat,San Diego,California,92196
cbrumfittb0@list-manage.com,Cyrus,Brumfitt,White Plains,New York,10633
cogilvieb1@sbwire.com,Clevey,Ogilvie,Alexandria,Virginia,22333
pfeaksb2@go.com,Padraig,Feaks,New Orleans,Louisiana,70142
mdurtnellb3@spotify.com,Matty,Durtnell,Kansas City,Missouri,64136
obanbrookb4@cyberchimps.com,Orlando,Banbrook,Miami,Florida,33185
mbeaulyb5@reverbnation.com,Myrta,Beauly,Washington,District of Columbia,20580
ascrivensb6@home.pl,Alex,Scrivens,Columbus,Ohio,43215
btrettb7@is.gd,Beverlie,Trett,York,Pennsylvania,17405
hdenisob8@weebly.com,Harvey,Deniso,Lake Charles,Louisiana,70616
gmothb9@slate.com,Guthry,Moth,Trenton,New Jersey,8695
lcausbyba@apache.org,Leontine,Causby,Washington,District of Columbia,20380
gfolletbb@bandcamp.com,Gusella,Follet,Albany,New York,12227
mjacklinbc@jimdo.com,Madonna,Jacklin,New York City,New York,10280
chawkinsbd@msn.com,Cleveland,Hawkins,Tucson,Arizona,85720
pkornilovbe@zimbio.com,Pooh,Kornilov,Newport Beach,California,92662
rblinkhornbf@usnews.com,Ramona,Blinkhorn,Dayton,Ohio,45414
wellamanbg@apache.org,Win,Ellaman,Phoenix,Arizona,85099
kgidleybh@google.it,Kirbee,Gidley,Fresno,California,93704
fgodberbi@dedecms.com,Feliza,Godber,San Antonio,Texas,78215
mpenhallbj@house.gov,Marga,Penhall,Memphis,Tennessee,38150
gorysbk@xing.com,Giacopo,Orys,Saint Louis,Missouri,63116
cmayzesbl@msn.com,Cate,Mayzes,New York City,New York,10099
tcairnsbm@mapy.cz,Tommy,Cairns,Memphis,Tennessee,38188
bquenbybn@usatoday.com,Brooke,Quenby,Newark,New Jersey,7112
wkeasleybo@e-recht24.de,Windy,Keasley,Plano,Texas,75074
rwoodgerbp@nationalgeographic.com,Rudie,Woodger,Fort Myers,Florida,33994
hbattissonbq@alexa.com,Happy,Battisson,New York City,New York,10090
augolottibr@taobao.com,Anatola,Ugolotti,Madison,Wisconsin,53726
pmcelvinebs@live.com,Pavia,McElvine,Jacksonville,Florida,32204
cbuddlesbt@themeforest.net,Cassie,Buddles,Monroe,Louisiana,71213
blightonbu@clickbank.net,Bogart,Lighton,Atlanta,Georgia,30306
krosenauerbv@illinois.edu,Karmen,Rosenauer,Baltimore,Maryland,21203
vtaffarellobw@printfriendly.com,Vanya,Taffarello,Fort Smith,Arkansas,72905
mproudmanbx@google.it,Malina,Proudman,Laurel,Maryland,20709
bbrownby@wikipedia.org,Burton,Brown,El Paso,Texas,88579
ralexanderbz@360.cn,Rafael,Alexander,Great Neck,New York,11024
isunmanc0@blogspot.com,Isadore,Sunman,Austin,Texas,78703
cboonec1@hostgator.com,Casey,Boone,South Bend,Indiana,46614
tstrawc2@canalblog.com,Tatiania,Straw,Bakersfield,California,93311
jmatschekc3@umn.edu,Jeremie,Matschek,Jersey City,New Jersey,7305
ugaynorc4@cnet.com,Udale,Gaynor,Memphis,Tennessee,38143
negginsc5@businessinsider.com,Noni,Eggins,Albany,Georgia,31704
ewoodstockc6@guardian.co.uk,Edyth,Woodstock,Dallas,Texas,75353
dmcgiffinc7@reverbnation.com,Drusie,Mc Giffin,New Orleans,Louisiana,70142
emarquissc8@cnn.com,Ezechiel,Marquiss,Tacoma,Washington,98411
mbrinklerc9@last.fm,Mersey,Brinkler,Panama City,Florida,32412
brueggca@dailymail.co.uk,Brenda,Ruegg,Arlington,Texas,76011
btarpleecb@so-net.ne.jp,Beltran,Tarplee,West Palm Beach,Florida,33421
sdominguescc@theguardian.com,Shayla,Domingues,San Francisco,California,94177
lbarnettcd@berkeley.edu,Legra,Barnett,San Bernardino,California,92405
tschimonce@reddit.com,Tedie,Schimon,Washington,District of Columbia,20430
jfigiovannicf@edublogs.org,Jarred,Figiovanni,Huntington,West Virginia,25775
lduddingcg@phpbb.com,Lindy,Dudding,Jefferson City,Missouri,65110
ocrowdench@digg.com,Olia,Crowden,Columbus,Mississippi,39705
amccritichieci@china.com.cn,Allina,McCritichie,Washington,District of Columbia,20016
ejakucewiczcj@dropbox.com,Ertha,Jakucewicz,Wichita,Kansas,67220
shawardck@csmonitor.com,Susann,Haward,Whittier,California,90610
cmelanaphycl@vkontakte.ru,Cristina,Melanaphy,Louisville,Kentucky,40233
hblascm@goo.ne.jp,Haze,Blas,Washington,District of Columbia,20430
fqualtroughcn@arstechnica.com,Ferrell,Qualtrough,Evansville,Indiana,47732
pdraneco@wikia.com,Pearla,Drane,Baltimore,Maryland,21281
jbaudaccicp@stanford.edu,Jehanna,Baudacci,Anaheim,California,92812
mcleatorcq@soundcloud.com,Margi,Cleator,Akron,Ohio,44393
mduntoncr@indiatimes.com,Martguerita,Dunton,Wilkes Barre,Pennsylvania,18706
gkaretcs@tripadvisor.com,Gallard,Karet,Sioux Falls,South Dakota,57105
dhannanct@myspace.com,Dodie,Hannan,Peoria,Illinois,61614
jgallehawkcu@msn.com,Jennette,Gallehawk,Minneapolis,Minnesota,55441
aortzencv@123-reg.co.uk,Aviva,Ortzen,Washington,District of Columbia,20456
mcurnickcw@whitehouse.gov,Mayne,Curnick,Wilmington,North Carolina,28410
lmckillopcx@facebook.com,Lenora,McKillop,Johnson City,Tennessee,37605
dsnadency@oracle.com,David,Snaden,New York City,New York,10125
pgrimblebycz@is.gd,Peggi,Grimbleby,Fresno,California,93750
uboald0@fastcompany.com,Ula,Boal,Huntington,West Virginia,25721
wberlind1@a8.net,Wakefield,Berlin,Jackson,Mississippi,39216
esammutd2@theglobeandmail.com,Elfrieda,Sammut,Tampa,Florida,33680
cderringtond3@google.nl,Crystal,Derrington,Athens,Georgia,30605
traselld4@yellowpages.com,Theodosia,Rasell,Carol Stream,Illinois,60351
nnelhamsd5@geocities.com,Napoleon,Nelhams,Terre Haute,Indiana,47812
tbiggsd6@histats.com,Tracy,Biggs,Carson City,Nevada,89706
dandragd7@economist.com,Didi,Andrag,Austin,Texas,78726
kcatod8@reference.com,Korella,Cato,Knoxville,Tennessee,37919
lflewand9@wikipedia.org,Lorinda,Flewan,New Orleans,Louisiana,70154
lbawdonda@cbsnews.com,Laryssa,Bawdon,Richmond,California,94807
mskindb@oaic.gov.au,Margaret,Skin,New York City,New York,10275
wsillwooddc@umn.edu,Wyatan,Sillwood,Tucson,Arizona,85732
cmosedilldd@nyu.edu,Cristionna,Mosedill,Arlington,Texas,76011
ecausleyde@vk.com,Esme,Causley,Madison,Wisconsin,53779
fnettleshipdf@123-reg.co.uk,Fanya,Nettleship,Bradenton,Florida,34282
cdungatedg@ocn.ne.jp,Cortney,Dungate,Dayton,Ohio,45440
kpettengelldh@irs.gov,Koo,Pettengell,Silver Spring,Maryland,20904
wscamadendi@nytimes.com,Waly,Scamaden,Midland,Texas,79710
cmokesdj@latimes.com,Cindra,Mokes,Lafayette,Louisiana,70593
psandwichdk@mysql.com,Pail,Sandwich,Hartford,Connecticut,6145
gbygravedl@qq.com,Gertie,Bygrave,Bronx,New York,10464
aivydm@unesco.org,Ashbey,Ivy,Rochester,New York,14609
gyurygyndn@columbia.edu,Gabie,Yurygyn,Knoxville,Tennessee,37931
bvarrendo@time.com,Bess,Varren,Boise,Idaho,83757
iwoolgardp@technorati.com,Itch,Woolgar,Greensboro,North Carolina,27415
cmetzeldq@technorati.com,Chickie,Metzel,Pompano Beach,Florida,33064
dmcallandr@moonfruit.com,Dee,McAllan,Boise,Idaho,83711
cpappinds@geocities.jp,Colet,Pappin,Toledo,Ohio,43699
mlongfutdt@altervista.org,Mickey,Longfut,Phoenix,Arizona,85015
kschulkedu@nymag.com,Kandace,Schulke,Dallas,Texas,75260
aroslendv@yahoo.co.jp,Antonetta,Roslen,Jackson,Mississippi,39216
schrippesdw@youtube.com,Sebastian,Chrippes,Reno,Nevada,89595
tmcinteedx@jalbum.net,Tabby,McIntee,Washington,District of Columbia,20029
lchurchdy@ox.ac.uk,Laney,Church,Washington,District of Columbia,20530
rcowpertwaitdz@discovery.com,Roda,Cowpertwait,Washington,District of Columbia,20557
rhembrowe0@abc.net.au,Rosmunda,Hembrow,Louisville,Kentucky,40215
jglamarte1@usnews.com,Joli,Glamart,Salt Lake City,Utah,84110
mbartolomieue2@npr.org,Mark,Bartolomieu,Amarillo,Texas,79182
gmoscoe3@tinypic.com,Ginelle,Mosco,Decatur,Georgia,30089
dsneyde4@etsy.com,Deerdre,Sneyd,Green Bay,Wisconsin,54313
dmateoe5@vk.com,Donnajean,Mateo,Charleston,West Virginia,25336
auziellie6@google.ca,Alie,Uzielli,Sacramento,California,94286
sofere7@topsy.com,Sibyl,Ofer,Riverside,California,92513
swisniowskie8@ucoz.com,Shelia,Wisniowski,Gainesville,Florida,32627
fvandecappellee9@stanford.edu,Flss,Van De Cappelle,Myrtle Beach,South Carolina,29579
grobiouea@businesswire.com,Ginnifer,Robiou,Charlotte,North Carolina,28215
tmckibbineb@reddit.com,Tobin,McKibbin,Baltimore,Maryland,21281
nrubinowiczec@cmu.edu,Nannette,Rubinowicz,Spokane,Washington,99215
jwoodhouseed@ocn.ne.jp,Jermain,Woodhouse,Cleveland,Ohio,44197
cgrisardee@foxnews.com,Conny,Grisard,Saint Paul,Minnesota,55172
rlanfereef@google.ru,Roddie,Lanfere,Asheville,North Carolina,28805
ldrillingcourteg@ft.com,Lula,Drillingcourt,Henderson,Nevada,89012
dleereh@ebay.com,Dane,Leer,Memphis,Tennessee,38188
ututchellei@studiopress.com,Ulla,Tutchell,Indianapolis,Indiana,46295
ztraceej@i2i.jp,Zilvia,Trace,Stockton,California,95219
ggreenroydek@prlog.org,Gerhardine,Greenroyd,Montgomery,Alabama,36195
sjeppensenel@theglobeandmail.com,Sheila-kathryn,Jeppensen,Dallas,Texas,75372
mlampensem@oaic.gov.au,Morlee,Lampens,Migrate,Kentucky,41905
rsatteforden@wiley.com,Rubin,Satteford,Las Vegas,Nevada,89166
fpleaseeo@narod.ru,Flore,Please,Kansas City,Missouri,64187
mlorensep@desdev.cn,Minda,Lorens,Boston,Massachusetts,2109
cvennardeq@simplemachines.org,Corri,Vennard,Arlington,Texas,76016
cbrightlinger@ibm.com,Calv,Brightling,Hamilton,Ohio,45020
wkillockes@mashable.com,Whitney,Killock,Loretto,Minnesota,55598
dmckertonet@buzzfeed.com,Dicky,McKerton,Washington,District of Columbia,20540
abloggeu@addtoany.com,Ashla,Blogg,Tulsa,Oklahoma,74126
dcornhillev@google.com.br,Deeann,cornhill,Pittsburgh,Pennsylvania,15286
jmadnerew@nasa.gov,Johnny,Madner,Houston,Texas,77223
skirrageex@studiopress.com,Stanleigh,Kirrage,Houston,Texas,77020
lharmarey@mit.edu,Livvyy,Harmar,Mesa,Arizona,85205
lthodayez@eepurl.com,Lyndsay,Thoday,Tampa,Florida,33605
repdellf0@webs.com,Reinhold,Epdell,Los Angeles,California,90055
tbarnfatherf1@epa.gov,Tyne,Barnfather,Syracuse,New York,13210
apendleberryf2@t.co,Ashely,Pendleberry,Littleton,Colorado,80161
ebeinkef3@wiley.com,Eddi,Beinke,San Francisco,California,94164
sjosofovitzf4@bluehost.com,Shayne,Josofovitz,Charlotte,North Carolina,28289
cmcguffogf5@hhs.gov,Carmel,McGuffog,Seminole,Florida,34642
gdallenderf6@house.gov,Gray,Dallender,Gastonia,North Carolina,28055
cosbandf7@qq.com,Caroljean,Osband,Tucson,Arizona,85705
dbyattf8@deliciousdays.com,Darius,Byatt,Albuquerque,New Mexico,87121
nblatherwickf9@devhub.com,Nicolis,Blatherwick,San Jose,California,95138
kantrackfa@nih.gov,Karylin,Antrack,Mobile,Alabama,36689
gbosencefb@unesco.org,Gris,Bosence,Augusta,Georgia,30911
nyanceyfc@twitpic.com,Nata,Yancey,New Orleans,Louisiana,70160
dnecrewsfd@123-reg.co.uk,Davis,Necrews,Houston,Texas,77030
mbrattanfe@livejournal.com,Meridel,Brattan,Lubbock,Texas,79491
jenochssonff@joomla.org,Joletta,Enochsson,Van Nuys,California,91499
decobfg@google.nl,Dosi,Ecob,Littleton,Colorado,80161
bmcelhargyfh@wiley.com,Barbee,McElhargy,Charlotte,North Carolina,28247
tsuermeierfi@csmonitor.com,Tabbatha,Suermeier,Minneapolis,Minnesota,55412
vhurryfj@cisco.com,Vilhelmina,Hurry,Winston Salem,North Carolina,27150
tcorpfk@flavors.me,Tom,Corp,Decatur,Illinois,62525
zetheredgefl@behance.net,Zora,Etheredge,Detroit,Michigan,48224
bgehrelsfm@fotki.com,Baxter,Gehrels,Naples,Florida,34102
dmartusovfn@mlb.com,Dominic,Martusov,Washington,District of Columbia,20205
msecombefo@telegraph.co.uk,Marcile,Secombe,Las Vegas,Nevada,89178
fcouvesfp@mayoclinic.com,Felicity,Couves,Kent,Washington,98042
jambrozewiczfq@newyorker.com,Joshua,Ambrozewicz,Tuscaloosa,Alabama,35487
cmacturloughfr@wikipedia.org,Charil,MacTurlough,Baton Rouge,Louisiana,70810
ebeloefs@businessweek.com,Eamon,Beloe,Shawnee Mission,Kansas,66225
shalwoodft@cbc.ca,Sarge,Halwood,Durham,North Carolina,27705
pandinofu@paginegialle.it,Pauletta,Andino,Macon,Georgia,31205
aandragfv@cisco.com,Abrahan,Andrag,Corpus Christi,Texas,78465
acrabfw@netscape.com,Arlena,Crab,Washington,District of Columbia,20010
pburgesfx@addthis.com,Philippa,Burges,Washington,District of Columbia,20041
ameindlfy@1688.com,Adolphus,Meindl,Fort Myers,Florida,33994
trandalstonfz@statcounter.com,Tatiana,Randalston,Augusta,Georgia,30919
pfiermang0@1und1.de,Penrod,Fierman,Boise,Idaho,83727
lsooleyg1@sina.com.cn,Leonelle,Sooley,Roanoke,Virginia,24014
akulasg2@squarespace.com,Adolf,Kulas,Midland,Texas,79710
bzukermang3@nymag.com,Brenden,Zukerman,Saint Augustine,Florida,32092
rcolleyg4@bluehost.com,Raimundo,Colley,Charlotte,North Carolina,28299
rbrometg5@boston.com,Rania,Bromet,Wichita,Kansas,67236
pmuffing6@ask.com,Purcell,Muffin,Saint Louis,Missouri,63126
rdicksong7@narod.ru,Rozella,Dickson,North Las Vegas,Nevada,89087
ljellardg8@hud.gov,Liane,Jellard,Grand Rapids,Michigan,49560
rgrisardg9@house.gov,Raddy,Grisard,Boca Raton,Florida,33487
kmolesworthga@altervista.org,Krispin,Molesworth,Minneapolis,Minnesota,55458
ipadulagb@nhs.uk,Imogene,Padula,Warren,Ohio,44485
gcarahgc@loc.gov,Gloriana,Carah,El Paso,Texas,79984
hchurchingd@webs.com,Harrie,Churchin,Stamford,Connecticut,6905
lfannerge@miitbeian.gov.cn,Laurette,Fanner,Cleveland,Ohio,44125
amcfadingf@google.de,Adolph,McFadin,Schenectady,New York,12305
hwyergg@upenn.edu,Henrieta,Wyer,New York City,New York,10045
bshannongh@mysql.com,Ben,Shannon,Evansville,Indiana,47732
mrussellgi@xing.com,Monica,Russell,Lubbock,Texas,79405
cmcmeekingj@linkedin.com,Culley,McMeekin,Atlanta,Georgia,31190
rplanquegk@hugedomains.com,Rutherford,Planque,San Jose,California,95138
smanuelligl@histats.com,Shanta,Manuelli,Gulfport,Mississippi,39505
bganfordgm@addthis.com,Bret,Ganford,Fort Wayne,Indiana,46825
jsebrookgn@ow.ly,Jeanie,Sebrook,Bonita Springs,Florida,34135
csailergo@google.pl,Cordey,Sailer,Baton Rouge,Louisiana,70894
hglynegp@whitehouse.gov,Horst,Glyne,Des Moines,Iowa,50310
fdurramgq@salon.com,Fabe,Durram,Spartanburg,South Carolina,29319
dfeldfishergr@123-reg.co.uk,Derek,Feldfisher,Roanoke,Virginia,24034
rjobbinsgs@blog.com,Rouvin,Jobbins,Atlanta,Georgia,30375
htoplisgt@netscape.com,Herby,Toplis,San Francisco,California,94169
wferronigu@xinhuanet.com,Walker,Ferroni,San Antonio,Texas,78230
cpuckinghornegv@sourceforge.net,Cathie,Puckinghorne,Boise,Idaho,83705
wwarcupgw@wikia.com,Wendi,Warcup,Spring Hill,Florida,34611
gengelgx@thetimes.co.uk,Gerta,Engel,Santa Ana,California,92725
cmatuszewskigy@google.pl,Cesya,Matuszewski,Tulsa,Oklahoma,74126
twintlegz@hubpages.com,Tiena,Wintle,Minneapolis,Minnesota,55428
hhurlstonh0@hugedomains.com,Howard,Hurlston,Virginia Beach,Virginia,23454
jmckainh1@moonfruit.com,Joletta,McKain,Saint Augustine,Florida,32092
tbyrdh2@delicious.com,Thalia,Byrd,Anchorage,Alaska,99512
bseamonsh3@psu.edu,Brear,Seamons,Savannah,Georgia,31416
afairheadh4@chicagotribune.com,Adaline,Fairhead,Odessa,Texas,79764
vpietersenh5@about.com,Verena,Pietersen,Sterling,Virginia,20167
jadshedeh6@jiathis.com,Jereme,Adshede,Port Charlotte,Florida,33954
mlipyeath7@liveinternet.ru,Marylinda,Lipyeat,Salt Lake City,Utah,84170
wbourrelh8@washingtonpost.com,Wat,Bourrel,Newport News,Virginia,23612
fkelwickh9@youtu.be,Falkner,Kelwick,Stamford,Connecticut,6912
kvarnalsha@ucoz.com,Karleen,Varnals,Cincinnati,Ohio,45223
mdecopemanhb@t-online.de,Maury,de Copeman,Lubbock,Texas,79491
pgaveltonehc@chronoengine.com,Patty,Gaveltone,Columbus,Georgia,31998
asmallbonehd@oakley.com,Aprilette,Smallbone,Washington,District of Columbia,20470
tdumbeltonhe@examiner.com,Terra,Dumbelton,Indianapolis,Indiana,46239
vrennisonhf@independent.co.uk,Velvet,Rennison,Glendale,Arizona,85305
njerramhg@about.me,Nert,Jerram,Pomona,California,91797
ddivverhh@freewebs.com,Durant,Divver,Saginaw,Michigan,48609
pbeginhi@bizjournals.com,Patrizia,Begin,Tucson,Arizona,85748
ngorvinhj@businesswire.com,Norri,Gorvin,Sacramento,California,94291
ksellekhk@facebook.com,Katti,Sellek,Marietta,Georgia,30066
amacloughlinhl@scribd.com,Anjela,MacLoughlin,Arlington,Virginia,22225
kvalancehm@canalblog.com,Kaitlin,Valance,Jacksonville,Florida,32236
eingonhn@wsj.com,Euell,Ingon,Monroe,Louisiana,71213
tdoeyho@prweb.com,Tobie,Doey,Atlanta,Georgia,30323
awapplehp@yandex.ru,Alta,Wapple,Columbia,South Carolina,29208
lbeverstockhq@nyu.edu,Lida,Beverstock,Vancouver,Washington,98687
gfolshomhr@slideshare.net,Gabrielle,Folshom,Port Charlotte,Florida,33954
lrogeronhs@state.tx.us,Leticia,Rogeron,Athens,Georgia,30605
gclokeht@columbia.edu,Garrott,Cloke,Washington,District of Columbia,20073
cyurygynhu@163.com,Corissa,Yurygyn,Santa Barbara,California,93106
qcahv@zdnet.com,Quinn,Ca,Buffalo,New York,14263
styrrellhw@ow.ly,Sharity,Tyrrell,Bellevue,Washington,98008
grenneyhx@example.com,Gay,Renney,Atlanta,Georgia,30343
acapaldihy@howstuffworks.com,Aleen,Capaldi,Abilene,Texas,79605
riamittiihz@imdb.com,Roxie,Iamittii,Evanston,Illinois,60208
gnockoldsi0@bigcartel.com,Gavan,Nockolds,Yonkers,New York,10705
qtreveari1@4shared.com,Quintina,Trevear,Charlotte,North Carolina,28263
rcarvillai2@shutterfly.com,Rayna,Carvilla,Levittown,Pennsylvania,19058
nhallexi3@sohu.com,Nataniel,Hallex,El Paso,Texas,79934
amousdalli4@meetup.com,Aubrie,Mousdall,Knoxville,Tennessee,37914
lpaili5@ucoz.ru,Lisabeth,Pail,Los Angeles,California,90015
jcracknelli6@tumblr.com,Jessey,Cracknell,Atlanta,Georgia,30356
mcristobali7@smh.com.au,Marion,Cristobal,Seattle,Washington,98166
ositchi8@netvibes.com,Odelinda,Sitch,Petaluma,California,94975
jpobjoyi9@yahoo.com,Jorry,Pobjoy,Paterson,New Jersey,7522
ehumpheryia@hhs.gov,Eolande,Humphery,Albany,New York,12237
lbirkwoodib@ning.com,Lek,Birkwood,San Antonio,Texas,78255
acoadyic@lulu.com,Amabelle,Coady,Memphis,Tennessee,38126
bkunzelmannid@shinystat.com,Bat,Kunzelmann,Modesto,California,95354
wbritnerie@ted.com,Whitaker,Britner,Austin,Texas,78732
rmirrleesif@hp.com,Rosaleen,Mirrlees,El Paso,Texas,79994
dbastieig@tripadvisor.com,Deana,Bastie,Topeka,Kansas,66699
pmcgrealih@twitpic.com,Paige,McGreal,Orange,California,92862
lwormanii@webnode.com,Lorita,Worman,Fullerton,California,92640
rstayteij@microsoft.com,Robinet,Stayte,Houston,Texas,77040
stabartik@163.com,Sibyl,Tabart,Denver,Colorado,80228
dtenchil@squarespace.com,Debbi,Tench,Minneapolis,Minnesota,55480
jaupolim@istockphoto.com,John,Aupol,Shreveport,Louisiana,71130
pmcinilityin@buzzfeed.com,Pippy,McInility,Tuscaloosa,Alabama,35405
mbartaloniio@4shared.com,Melesa,Bartaloni,Akron,Ohio,44393
jrenshallip@diigo.com,Jodie,Renshall,Albany,New York,12232
lredoniq@bbc.co.uk,Linus,Redon,Atlanta,Georgia,31119
cyeabsleyir@time.com,Clarke,Yeabsley,Kansas City,Missouri,64187
tberrygunis@networksolutions.com,Tobi,Berrygun,New York City,New York,10115
gohareit@arstechnica.com,Gherardo,O'Hare,Fort Myers,Florida,33994
sosgariu@live.com,Saleem,Osgar,Simi Valley,California,93094
phousiauxiv@pcworld.com,Price,Housiaux,Peoria,Illinois,61614
dhuggonsiw@rediff.com,Dennis,Huggons,Simi Valley,California,93094
dmaciaix@wix.com,Dredi,Macia,Richmond,Virginia,23213
vdoddridgeiy@163.com,Vannie,Doddridge,Long Beach,California,90840
atrevaskissiz@imdb.com,Alla,Trevaskiss,Morgantown,West Virginia,26505
aalcaldej0@last.fm,Allissa,Alcalde,San Jose,California,95150
rplampeynj1@slashdot.org,Rafaela,Plampeyn,Rochester,New York,14614
tpriddyj2@hubpages.com,Torey,Priddy,Davenport,Iowa,52804
tsherebrookj3@sciencedaily.com,Tan,Sherebrook,Fort Smith,Arkansas,72916
acouplandj4@tripod.com,Andeee,Coupland,Pomona,California,91797
rflayj5@dailymail.co.uk,Rolph,Flay,Chattanooga,Tennessee,37416
ctwelvesj6@economist.com,Catie,Twelves,Fort Collins,Colorado,80525
mtapnerj7@blog.com,Maddie,Tapner,Young America,Minnesota,55557
omulhallj8@miibeian.gov.cn,Oralie,Mulhall,Rockford,Illinois,61105
rsellj9@fema.gov,Rocky,Sell,San Jose,California,95138
mvallowja@java.com,Minerva,Vallow,Stockton,California,95219
wpaddlejb@a8.net,Wendeline,Paddle,Seminole,Florida,34642
rfenderjc@gravatar.com,Robinet,Fender,Tulsa,Oklahoma,74116
gsalwayjd@dailymail.co.uk,Gregorius,Salway,Los Angeles,California,90094
cwysomeje@who.int,Catlee,Wysome,Gainesville,Florida,32627
olillowjf@domainmarket.com,Octavius,Lillow,Albuquerque,New Mexico,87180
bblanchflowerjg@tripod.com,Barney,Blanchflower,San Diego,California,92127
kstivenjh@yahoo.com,Kirstyn,Stiven,Los Angeles,California,90087
bmckaileji@dion.ne.jp,Brunhilde,McKaile,El Paso,Texas,88535
gtotarojj@ucoz.com,Gasparo,Totaro,San Francisco,California,94154
nreisenjk@dagondesign.com,Nevins,Reisen,Charleston,West Virginia,25305
apourveerjl@zimbio.com,Andie,Pourveer,Atlanta,Georgia,30301
lcolbronjm@comcast.net,Lamond,Colbron,Washington,District of Columbia,20580
zgallonejn@163.com,Zia,Gallone,Birmingham,Alabama,35254
bholdinjo@mac.com,Brigida,Holdin,Charlottesville,Virginia,22908
aschopsjp@nsw.gov.au,Anastasia,Schops,Toledo,Ohio,43699
mquigjq@gravatar.com,Melva,Quig,Houston,Texas,77025
rmcbeithjr@businessweek.com,Ranice,McBeith,Seminole,Florida,34642
adeverillejs@reverbnation.com,Adelaide,Deverille,San Bernardino,California,92424
holesjt@miibeian.gov.cn,Hall,Oles,Omaha,Nebraska,68124
kpetersenju@skype.com,Kay,Petersen,Fresno,California,93778
bpillingerjv@hao123.com,Bertina,Pillinger,Fresno,California,93794
borwinjw@oakley.com,Beatrisa,Orwin,New Orleans,Louisiana,70116
wmyrtlejx@163.com,Way,Myrtle,Philadelphia,Pennsylvania,19120
kyitzoviczjy@yolasite.com,Kriste,Yitzovicz,Milwaukee,Wisconsin,53234
slapwoodjz@economist.com,Shaughn,Lapwood,Los Angeles,California,90065
rgrebertk0@behance.net,Roderic,Grebert,Fort Worth,Texas,76121
apersickek1@discuz.net,Astrix,Persicke,Buffalo,New York,14210
rtollfreek2@marketwatch.com,Rosemaria,Tollfree,Bakersfield,California,93311
statfordk3@blogger.com,Sandor,Tatford,Portland,Oregon,97240
ggymlettk4@multiply.com,Geri,Gymlett,Portland,Oregon,97296
jsuddockk5@sina.com.cn,Joanna,Suddock,Saint Paul,Minnesota,55188
jjosefssonk6@yandex.ru,Joyann,Josefsson,Tampa,Florida,33661
cchillistonek7@privacy.gov.au,Celestia,Chillistone,North Las Vegas,Nevada,89036
pscoffinsk8@bloglines.com,Phillipp,Scoffins,Portland,Oregon,97206
tredolfik9@friendfeed.com,Tuckie,Redolfi,Cleveland,Ohio,44177
wbyerska@bbc.co.uk,Wernher,Byers,Houston,Texas,77250
vkittkb@cnn.com,Vera,Kitt,Cincinnati,Ohio,45203
tgoffordkc@pbs.org,Tobi,Gofford,Pittsburgh,Pennsylvania,15220
hkleinerkd@nydailynews.com,Hamilton,Kleiner,Orlando,Florida,32808
triochke@yale.edu,Thorpe,Rioch,Brooksville,Florida,34605
fmcbaynekf@newyorker.com,Fanchon,McBayne,Baltimore,Maryland,21265
cschuchmacherkg@odnoklassniki.ru,Cleo,Schuchmacher,Santa Rosa,California,95405
spaudinkh@google.com.br,Shoshana,Paudin,Springfield,Illinois,62794
worrisski@bloglines.com,Willa,Orriss,Washington,District of Columbia,20551
cbukackj@marriott.com,Corrinne,Bukac,Mesa,Arizona,85210
aluntkk@jigsy.com,Alex,Lunt,Memphis,Tennessee,38197
ovineskl@hatena.ne.jp,Oralee,Vines,Baltimore,Maryland,21290
lloweykm@canalblog.com,Lucila,Lowey,Louisville,Kentucky,40205
dmatyukonkn@xrea.com,Dusty,Matyukon,Modesto,California,95397
emacaskieko@tripadvisor.com,Evy,MacAskie,Irvine,California,92710
scadgekp@hostgator.com,Sherry,Cadge,Birmingham,Alabama,35205
secobkq@bigcartel.com,Sheff,Ecob,Santa Monica,California,90410
seschellekr@artisteer.com,Silva,Eschelle,Albuquerque,New Mexico,87121
arylesks@vk.com,Ardys,Ryles,Madison,Wisconsin,53710
klentkt@facebook.com,Kelsy,Lent,Terre Haute,Indiana,47805
grojahnku@nifty.com,Griz,Rojahn,Omaha,Nebraska,68179
gconeronkv@cocolog-nifty.com,Gregorio,Coneron,West Palm Beach,Florida,33405
wgreedingkw@weibo.com,Westleigh,Greeding,Columbus,Ohio,43226
pkimblekx@netscape.com,Phylys,Kimble,Atlanta,Georgia,30323
cdargavelky@blogger.com,Codie,Dargavel,Nashville,Tennessee,37220
chebbskz@businesswire.com,Cad,Hebbs,New York City,New York,10165
wprobetl0@desdev.cn,Waly,Probet,Minneapolis,Minnesota,55428
lgarmansonl1@yellowpages.com,Loydie,Garmanson,Lansing,Michigan,48919
trodgierl2@amazon.co.uk,Trina,Rodgier,Sacramento,California,95894
jbromelll3@arizona.edu,Jon,Bromell,Providence,Rhode Island,2912
bmaciejal4@mayoclinic.com,Brenn,Macieja,San Mateo,California,94405
sholyardl5@cnet.com,Sherm,Holyard,Chicago,Illinois,60691
fcavel6@google.com.au,Florenza,Cave,Greensboro,North Carolina,27499
amilesapl7@elpais.com,Alec,Milesap,Fort Worth,Texas,76147
rgregoryl8@si.edu,Reinwald,Gregory,Washington,District of Columbia,20530
jkneafseyl9@furl.net,Julia,Kneafsey,Cincinnati,Ohio,45233
rgatesla@europa.eu,Renault,Gates,Atlanta,Georgia,31132
dmuriellb@imageshack.us,Dari,Muriel,Colorado Springs,Colorado,80935
vcloylc@nih.gov,Vince,Cloy,Houston,Texas,77250
hphillpsld@de.vu,Hinze,Phillps,Spartanburg,South Carolina,29319
zgiraldezle@angelfire.com,Zechariah,Giraldez,Phoenix,Arizona,85010
adaoustlf@vistaprint.com,Aube,Daoust,Des Moines,Iowa,50305
kobeelg@imageshack.us,Kathye,Obee,Miami,Florida,33153
lgouldinglh@seattletimes.com,Lorraine,Goulding,Richmond,Virginia,23225
jwallikerli@w3.org,Jobey,Walliker,Oklahoma City,Oklahoma,73147
pcharlestonlj@usa.gov,Pepe,Charleston,Fullerton,California,92640
gsturtelk@ehow.com,Garvey,Sturte,Santa Monica,California,90405
jjacquesll@google.com.hk,Judas,Jacques,Lexington,Kentucky,40586
kdoodlm@github.io,Kort,Dood,Huntington,West Virginia,25775
ggaltonln@creativecommons.org,Greer,Galton,Phoenix,Arizona,85035
gcaffertylo@parallels.com,Gaye,Cafferty,San Antonio,Texas,78240
cdrewsonlp@alibaba.com,Camala,Drewson,San Antonio,Texas,78265
dcossingtonlq@surveymonkey.com,Dael,Cossington,Fairfax,Virginia,22036
rashmentlr@twitpic.com,Rusty,Ashment,Roanoke,Virginia,24048
bcoathamls@mapquest.com,Bradney,Coatham,Charlotte,North Carolina,28220
crugerlt@blinklist.com,Claretta,Ruger,Birmingham,Alabama,35254
byuryshevlu@clickbank.net,Brenden,Yuryshev,Camden,New Jersey,8104
tmeinslv@bigcartel.com,Tiphany,Meins,Provo,Utah,84605
wbateslw@jigsy.com,Warren,Bates,Portland,Oregon,97201
bzamorranolx@abc.net.au,Bronnie,Zamorrano,Atlanta,Georgia,30368
igadaultly@sciencedaily.com,Idalina,Gadault,San Antonio,Texas,78240
dbasfordlz@slashdot.org,Dione,Basford,Lynn,Massachusetts,1905
fcodam0@hugedomains.com,Frankie,Coda,New York City,New York,10039
cdingwallm1@soup.io,Cyril,Dingwall,Los Angeles,California,90045
dmattosoffm2@odnoklassniki.ru,Daffi,Mattosoff,Huntington,West Virginia,25770
mmackallm3@about.com,Marigold,MacKall,Philadelphia,Pennsylvania,19178
atestinm4@washington.edu,Averil,Testin,Rochester,New York,14614
rgauvinm5@skyrock.com,Rodina,Gauvin,Chesapeake,Virginia,23324
hbischofm6@clickbank.net,Hazlett,Bischof,Lafayette,Louisiana,70505
cgergm7@webnode.com,Celene,Gerg,New York City,New York,10280
nmcginneym8@webnode.com,Nikita,McGinney,Wilmington,Delaware,19805
elakentonm9@ucsd.edu,Edita,Lakenton,Fort Collins,Colorado,80525
rallibanma@dion.ne.jp,Raina,Alliban,Youngstown,Ohio,44511
bgolledgemb@alibaba.com,Brigg,Golledge,Buffalo,New York,14210
hkristofmc@wp.com,Haleigh,Kristof,New York City,New York,10079
bminoguemd@sbwire.com,Bren,Minogue,Hampton,Virginia,23663
agilhamme@marriott.com,Ambros,Gilham,Topeka,Kansas,66667
epilburymf@theguardian.com,Earle,Pilbury,Davenport,Iowa,52804
hdumsdaymg@reuters.com,Hew,Dumsday,Buffalo,New York,14205
escanterburymh@ovh.net,Evelina,Scanterbury,Washington,District of Columbia,20099
jrosettinimi@stumbleupon.com,Jerrie,Rosettini,Irving,Texas,75062
cinglissmj@webnode.com,Cassi,Ingliss,Houston,Texas,77234
gboeckemk@ebay.co.uk,Gilles,Boecke,Paterson,New Jersey,7505
tmuckersieml@answers.com,Tandie,Muckersie,Springfield,Missouri,65810
clilliemm@facebook.com,Chelsea,Lillie,Florence,South Carolina,29505
hfebenmn@xinhuanet.com,Hubie,Feben,Springfield,Illinois,62756
nwipflermo@ft.com,Nicola,Wipfler,Denver,Colorado,80262
ahaightonmp@biglobe.ne.jp,Ardelle,Haighton,Toledo,Ohio,43610
bbettammq@arizona.edu,Blondelle,Bettam,Boise,Idaho,83705
siamittiimr@so-net.ne.jp,Sarajane,Iamittii,Virginia Beach,Virginia,23471
rbeenms@ebay.co.uk,Ronnie,Been,Saint Cloud,Minnesota,56372
csmelleymt@netlog.com,Cristie,Smelley,Worcester,Massachusetts,1654
lakistermu@ca.gov,Leigh,Akister,Pensacola,Florida,32526
jambrosimv@ycombinator.com,Jeanie,Ambrosi,Gulfport,Mississippi,39505
hgodwinmw@dmoz.org,Hesther,Godwin,Wichita,Kansas,67220
braitiemx@ft.com,Barry,Raitie,Indianapolis,Indiana,46239
ajeenesmy@imageshack.us,Agathe,Jeenes,Johnson City,Tennessee,37605
jegglemz@wordpress.org,Judd,Eggle,Saint Paul,Minnesota,55127
sdickern0@newsvine.com,Suzy,Dicker,West Palm Beach,Florida,33421
gdablinn1@dion.ne.jp,Giusto,Dablin,Indianapolis,Indiana,46207
rtresloven2@php.net,Ronna,Treslove,Toledo,Ohio,43610
lwaylenn3@jalbum.net,Lonny,Waylen,Milwaukee,Wisconsin,53234
cwithamn4@narod.ru,Corey,Witham,College Station,Texas,77844
cmcvickern5@cisco.com,Carlina,McVicker,Terre Haute,Indiana,47812
lrodgersonn6@imdb.com,Luigi,Rodgerson,Ogden,Utah,84409
acowdrayn7@histats.com,Alwin,Cowdray,Modesto,California,95397
ldawltreyn8@is.gd,Lulita,Dawltrey,Daytona Beach,Florida,32128
hrabln9@prlog.org,Helga,Rabl,Boston,Massachusetts,2104
bclareyna@xing.com,Barnebas,Clarey,Memphis,Tennessee,38119
msichnb@reverbnation.com,Melva,Sich,Toledo,Ohio,43615
paikettnc@geocities.com,Price,Aikett,Lubbock,Texas,79452
mcorkishnd@smugmug.com,Mada,Corkish,Dayton,Ohio,45490
cgladebeckne@reddit.com,Cordie,Gladebeck,Philadelphia,Pennsylvania,19151
fmatussonnf@umn.edu,Florencia,Matusson,Stockton,California,95219
ppavyerng@rambler.ru,Patrice,Pavyer,Saint Joseph,Missouri,64504
vlorrawaynh@rediff.com,Vonnie,Lorraway,Madison,Wisconsin,53705
bbroadni@liveinternet.ru,Benjie,Broad,San Diego,California,92145
miglesianj@domainmarket.com,Maximilien,Iglesia,Boston,Massachusetts,2208
veglesenk@baidu.com,Valentijn,Eglese,Charlotte,North Carolina,28242
cdeldellonl@tmall.com,Chicky,Del Dello,Maple Plain,Minnesota,55579
cbanesnm@constantcontact.com,Caddric,Banes,Kansas City,Kansas,66160
mbrenardnn@hugedomains.com,Mercedes,Brenard,Chicago,Illinois,60691
mhancornno@canalblog.com,Mariquilla,Hancorn,Huntsville,Alabama,35810
rdormernp@marketwatch.com,Raff,Dormer,Milwaukee,Wisconsin,53215
tavramchiknq@lycos.com,Tootsie,Avramchik,Phoenix,Arizona,85015
aallbonesnr@amazon.de,Almeda,Allbones,Peoria,Arizona,85383
bconnerns@tinypic.com,Bruis,Conner,Youngstown,Ohio,44555
gbriatnt@slate.com,Granger,Briat,Davenport,Iowa,52804
kprobynnu@drupal.org,Kaila,Probyn,San Antonio,Texas,78210
rvisicknv@unicef.org,Rodger,Visick,Atlanta,Georgia,30316
kswettenhamnw@sogou.com,Kimmie,Swettenham,Fort Worth,Texas,76134
smacalessnx@csmonitor.com,Shamus,MacAless,Virginia Beach,Virginia,23471
mshillittony@imgur.com,Morganne,Shillitto,Bakersfield,California,93386
lpedrocchinz@baidu.com,Lockwood,Pedrocchi,Knoxville,Tennessee,37914
msweetsuro0@google.pl,Margarette,Sweetsur,Washington,District of Columbia,20551
ncoupmano1@wikipedia.org,Neall,Coupman,San Bernardino,California,92424
cskivingtono2@lulu.com,Clarinda,Skivington,Mobile,Alabama,36616
hriddetto3@hubpages.com,Horacio,Riddett,Bronx,New York,10474
dfinkleo4@twitpic.com,Donella,Finkle,Birmingham,Alabama,35220
alesurfo5@zdnet.com,Alard,Le Surf,Nashville,Tennessee,37205
bpalino6@desdev.cn,Bobby,Palin,New York City,New York,10155
wphilliphso7@google.ru,Wendell,Philliphs,Waterloo,Iowa,50706
jpawlyno8@youtube.com,Julie,Pawlyn,Denver,Colorado,80223
sdevalo9@washington.edu,Si,Deval,Washington,District of Columbia,20022
fjoseyoa@bluehost.com,Felice,Josey,Manassas,Virginia,22111
kluetkemeyerob@github.io,Katha,Luetkemeyer,Punta Gorda,Florida,33982
rleversuchoc@drupal.org,Reynolds,Leversuch,Richmond,Virginia,23242
khouseagood@tamu.edu,Keriann,Houseago,Philadelphia,Pennsylvania,19131
tcowderoyoe@tripadvisor.com,Tate,Cowderoy,Portland,Oregon,97201
vdeackesof@google.fr,Vivianne,Deackes,Roanoke,Virginia,24024
msteningog@chicagotribune.com,Manuel,Stening,Tucson,Arizona,85748
rdiegooh@cbsnews.com,Rani,Diego,Grand Rapids,Michigan,49544
eamortsoi@mysql.com,Elysee,Amorts,Long Beach,California,90805
mdaftoj@chron.com,Major,Daft,El Paso,Texas,88558
snatteok@dion.ne.jp,Salim,Natte,Kansas City,Missouri,64190
lvannerol@umn.edu,Logan,Vanner,San Antonio,Texas,78230
bdenseyom@opensource.org,Barth,Densey,Davenport,Iowa,52809
dchatbandon@apache.org,Daryl,Chatband,Carol Stream,Illinois,60351
rsheeranoo@networkadvertising.org,Ripley,Sheeran,Kansas City,Kansas,66160
ehurdmanop@jalbum.net,Ellerey,Hurdman,Philadelphia,Pennsylvania,19093
tivanuschkaoq@reverbnation.com,Torey,Ivanuschka,Lake Charles,Louisiana,70607
dflanneryor@howstuffworks.com,Daune,Flannery,Mobile,Alabama,36605
ystanneyos@narod.ru,Yancey,Stanney,Pensacola,Florida,32590
nbillitteriot@dmoz.org,Nicoli,Billitteri,Charlotte,North Carolina,28272
jeadonou@t-online.de,Jehu,Eadon,Philadelphia,Pennsylvania,19184
dfatherov@indiatimes.com,Drucie,Father,Nashville,Tennessee,37205
rokieltow@feedburner.com,Riane,O'Kielt,Reston,Virginia,22096
vfaughnanox@huffingtonpost.com,Vicki,Faughnan,Vancouver,Washington,98687
hhawkyensoy@ameblo.jp,Harold,Hawkyens,Phoenix,Arizona,85053
jwitnalloz@yahoo.com,Jerrie,Witnall,Amarillo,Texas,79176
ntieryp0@hud.gov,Naoma,Tiery,Greensboro,North Carolina,27455
klyalp1@vkontakte.ru,Keri,Lyal,Kent,Washington,98042
amundlep2@bluehost.com,Anestassia,Mundle,Virginia Beach,Virginia,23454
slabromp3@angelfire.com,Sidoney,Labrom,Seattle,Washington,98133
rflamankp4@jalbum.net,Royal,Flamank,Akron,Ohio,44393
ebeaglesp5@parallels.com,Ethelred,Beagles,Independence,Missouri,64054
acatlinp6@marriott.com,Augustina,Catlin,Pensacola,Florida,32511
rstenbridgep7@harvard.edu,Roma,Stenbridge,Atlanta,Georgia,31196
mogradyp8@nationalgeographic.com,Maxi,O'Grady,Bakersfield,California,93381
dwakerleyp9@umich.edu,Dietrich,Wakerley,Dayton,Ohio,45490
egiacovettipa@sina.com.cn,Elaina,Giacovetti,Boston,Massachusetts,2283
rfrankepb@disqus.com,Roxanna,Franke,Decatur,Illinois,62525
rthomasonpc@4shared.com,Ruby,Thomason,Atlanta,Georgia,31119
thalfacreepd@dailymotion.com,Tandy,Halfacree,Knoxville,Tennessee,37995
jcrowcumpe@163.com,Jason,Crowcum,New Orleans,Louisiana,70183
hzelakepf@jugem.jp,Haleigh,Zelake,Virginia Beach,Virginia,23454
abiesingerpg@ox.ac.uk,Aviva,Biesinger,Duluth,Georgia,30096
dclaceyph@accuweather.com,Dian,Clacey,Anderson,South Carolina,29625
bedenspi@bbc.co.uk,Bennie,Edens,Muskegon,Michigan,49444
cpealingpj@de.vu,Charity,Pealing,Rockville,Maryland,20851
dbleasepk@google.ca,Darcie,Blease,Denver,Colorado,80279
htorelpl@businessinsider.com,Hardy,Torel,Sacramento,California,94280
akaserpm@va.gov,Aubry,Kaser,Pasadena,California,91131
hlairdcraigpn@apache.org,Heindrick,Laird-Craig,Detroit,Michigan,48206
jgolypo@imgur.com,Joachim,Goly,New York City,New York,10039
hbarthpp@cnet.com,Hildegaard,Barth,Corona,California,92883
irichtenpq@geocities.jp,Ivonne,Richten,San Diego,California,92105
orickassepr@twitpic.com,Osgood,Rickasse,Fort Lauderdale,Florida,33345
ibuckleps@ask.com,Inna,Buckle,Louisville,Kentucky,40250
nbruslept@soundcloud.com,Neill,Brusle,Las Vegas,Nevada,89130
gcodipu@sphinn.com,Gray,Codi,Ocala,Florida,34479
mgatlandpv@umn.edu,Mace,Gatland,Macon,Georgia,31210
rfilyakovpw@bravesites.com,Robbyn,Filyakov,Valdosta,Georgia,31605
ehounihanpx@nyu.edu,Edita,Hounihan,Naples,Florida,34114
dbaynonpy@ustream.tv,Donnamarie,Baynon,Washington,District of Columbia,20073
msherynpz@slate.com,Mariann,Sheryn,Springfield,Massachusetts,1129
hmorfettq0@blogtalkradio.com,Hendrik,Morfett,Zephyrhills,Florida,33543
arownq1@biblegateway.com,Amandie,Rown,Indianapolis,Indiana,46239
mmcnelisq2@gmpg.org,Merilyn,McNelis,Knoxville,Tennessee,37931
tsemoninq3@scribd.com,Terry,Semonin,San Diego,California,92176
aburndredq4@sun.com,Allan,Burndred,Sacramento,California,94273
sphillippq5@whitehouse.gov,Skye,Phillipp,Dallas,Texas,75353
cgrigoroniq6@nba.com,Candice,Grigoroni,Bethesda,Maryland,20892
ttampinq7@huffingtonpost.com,Tallia,Tampin,Indianapolis,Indiana,46295
pprestieq8@mac.com,Pablo,Prestie,Greensboro,North Carolina,27499
jpethickq9@live.com,Jeremy,Pethick,Anderson,Indiana,46015
psallowsqa@free.fr,Phillis,Sallows,Manchester,New Hampshire,3105
dfogtqb@networksolutions.com,Dix,Fogt,Miami,Florida,33153
aroubyqc@printfriendly.com,Andromache,Rouby,Colorado Springs,Colorado,80905
kseviorqd@ifeng.com,Kirstyn,Sevior,Spartanburg,South Carolina,29305
ppierpointqe@apple.com,Paula,Pierpoint,Louisville,Kentucky,40287
tkingsnoadqf@amazonaws.com,Tamma,Kingsnoad,Topeka,Kansas,66622
cmccullumqg@goo.gl,Carver,McCullum,Philadelphia,Pennsylvania,19115
abowmenqh@php.net,Aldous,Bowmen,New York City,New York,10131
ehufferqi@omniture.com,Erminie,Huffer,El Paso,Texas,79905
mlippiattqj@soundcloud.com,Modestia,Lippiatt,Kansas City,Kansas,66112
ewestgarthqk@whitehouse.gov,Emlynn,Westgarth,New York City,New York,10060
jpippardql@cbc.ca,Jeno,Pippard,Cleveland,Ohio,44125
ahegleyqm@imdb.com,Archibold,Hegley,Chattanooga,Tennessee,37416
efosseyqn@cnet.com,Eirena,Fossey,Topeka,Kansas,66629
dsimenelqo@google.ru,Dex,Simenel,San Francisco,California,94116
hfearickqp@ask.com,Halley,Fearick,Birmingham,Alabama,35285
ecresswellqq@51.la,Evyn,Cresswell,Minneapolis,Minnesota,55441
slafontaineqr@tmall.com,Shalne,Lafontaine,Minneapolis,Minnesota,55417
dpilfoldqs@desdev.cn,Donia,Pilfold,Pittsburgh,Pennsylvania,15274
cshrubshallqt@wix.com,Corrine,Shrubshall,Brooklyn,New York,11220
shurrionqu@t-online.de,Shanda,Hurrion,Saginaw,Michigan,48604
cscrivenerqv@barnesandnoble.com,Corri,Scrivener,Bakersfield,California,93311
cokellyqw@tamu.edu,Cassandra,O'Kelly,Amarillo,Texas,79171
wlitchfieldqx@mac.com,Willy,Litchfield,Kalamazoo,Michigan,49006
dcrippinqy@timesonline.co.uk,Daryl,Crippin,Philadelphia,Pennsylvania,19104
againesqz@gmpg.org,Ava,Gaines,Bakersfield,California,93381
lgiacobbinijacobr0@google.com,Lacey,GiacobbiniJacob,Washington,District of Columbia,20535
vpechar1@newsvine.com,Vivienne,Pecha,San Jose,California,95173
apolleyer2@discovery.com,Abie,Polleye,Hamilton,Ohio,45020
lprudencer3@jimdo.com,Levin,Prudence,Houston,Texas,77075
jremingtonr4@walmart.com,Jere,Remington,Harrisburg,Pennsylvania,17110
isambathr5@gmpg.org,Isa,Sambath,Allentown,Pennsylvania,18105
floughreyr6@webeden.co.uk,Freemon,Loughrey,Washington,District of Columbia,20397
wlyler7@wufoo.com,Winne,Lyle,Los Angeles,California,90030
ckruszelnickir8@deviantart.com,Corny,Kruszelnicki,Mobile,Alabama,36628
lmcarter9@mapquest.com,Ludwig,McArte,Hartford,Connecticut,6120
gtofpikra@europa.eu,Garvy,Tofpik,Dallas,Texas,75387
egleaverb@psu.edu,Emera,Gleave,Buffalo,New York,14233
smaccreerc@csmonitor.com,Sydelle,Maccree,Cincinnati,Ohio,45228
lpaffordrd@spotify.com,Llewellyn,Pafford,North Port,Florida,34290
kcanningre@privacy.gov.au,Kelly,Canning,Miami,Florida,33111
oenticottrf@amazon.com,Oona,Enticott,Durham,North Carolina,27717
hciricrg@google.co.jp,Hagan,Ciric,Phoenix,Arizona,85020
sivimyrh@fc2.com,Saunder,Ivimy,Boca Raton,Florida,33487
dschouthederi@umich.edu,Deanna,Schouthede,Lake Worth,Florida,33467
gbenittirj@is.gd,Gayel,Benitti,Baton Rouge,Louisiana,70810
rstandrinrk@phpbb.com,Regine,Standrin,Washington,District of Columbia,20425
zglewrl@wired.com,Zak,Glew,El Paso,Texas,88558
sgleavesrm@addtoany.com,Sim,Gleaves,Salem,Oregon,97312
lmccullouchrn@theatlantic.com,Lucienne,McCullouch,Buffalo,New York,14276
tcallarro@cnn.com,Tore,Callar,Cincinnati,Ohio,45264
cmoyseyrp@cnn.com,Catlee,Moysey,New York City,New York,10165
orockhallrq@google.com.br,Odo,Rockhall,Virginia Beach,Virginia,23464
abyersrr@usgs.gov,Alphard,Byers,Pensacola,Florida,32595
rfanshawrr@ehow.com,Renate,Fanshaw,Modesto,California,95397
rfanshawrr@ehow.com,Renate,Fanshaw,Modesto,California,95397
rfanshawrr@ehow.com,Renate,Fanshaw,Modesto,California,95397
rfanshawrr@ehow.com,Renate,Fanshaw,Modesto,California,95397
rfanshawrr@ehow.com,Renate,Fanshaw,Modesto,California,95397
